Keywords,Search Volume,Initial Ranking (D),Target,Target (D),Initial Ranking (M),Target,Target (M)
saudi airlines booking,14800,5,Improve by 30%,3.5,5,Improve by 30%,3.5
saudi airline booking,14800,6,Improve by 30%,4.2,6,Improve by 30%,4.2
flynas booking,5400,5,Improve by 30%,3.5,5,Improve by 30%,3.5
air arabia booking,3600,6,Improve by 30%,4.2,5,Improve by 30%,3.5
flydubai online booking,2900,10,Improve by 30%,7,12,Improve by 30%,8.4
saudi airline booking online,2400,6,Improve by 30%,4.2,6,Improve by 30%,4.2
fly dubai booking,2400,11,Improve by 30%,7.7,11,Improve by 30%,7.7
flyadeal booking,1600,5,Improve by 30%,3.5,5,Improve by 30%,3.5
air egypt booking,1000,9,Improve by 30%,6.3,8,Improve by 30%,5.6
egyptair booking,1000,11,Improve by 30%,7.7,12,Improve by 30%,8.4
air arabia flights booking,880,7,Improve by 30%,4.9,7,Improve by 30%,4.9
air blue booking,880,8,Improve by 30%,5.6,7,Improve by 30%,4.9
turkish airlines booking,720,8,Improve by 30%,5.6,8,Improve by 30%,5.6
etihad airways booking online,590,6,Improve by 30%,4.2,7,Improve by 30%,4.9
emirates airlines booking,590,5,Improve by 30%,3.5,6,Improve by 30%,4.2
kuwait airways booking,590,26,Improve by 30%,18.2,22,Improve by 30%,15.4
emirates flight booking,590,7,Improve by 30%,4.9,3,Improve by 30%,2.1
nas air booking,390,4,Improve by 30%,2.8,3,Improve by 30%,2.1
etihad airways booking,320,6,Improve by 30%,4.2,5,Improve by 30%,3.5
emirates airlines booking online,260,4,Improve by 30%,2.8,4,Improve by 30%,2.8
flynas flight booking,260,5,Improve by 30%,3.5,5,Improve by 30%,3.5
oman airlines booking,260,7,Improve by 30%,4.9,7,Improve by 30%,4.9